,ID,GRADES
10,1,63.74999999999999
12,2,63.33333333333333
3,3,67.08333333333333
1,4,68.75
2,5,67.5
8,6,64.16666666666667
19,7,56.66666666666666
16,8,61.66666666666667
15,9,62.5
18,10,59.58333333333334
7,11,65.0
14,12,62.91666666666666
9,13,64.16666666666667
4,14,66.25
5,15,65.83333333333333
0,16,71.25
6,17,65.83333333333333
17,18,60.0
11,19,63.74999999999999
13,342533064,62.91666666666666
